game_id,game_name
0,Alien Swarm
1,Cities: Skylines
2,Deus Ex: Human Revolution
3,Age of Empires II: HD Edition
4,Banished
5,Call of Duty: Black Ops
6,Call of Duty: Black Ops - Multiplayer
7,Call of Duty: Modern Warfare 2
8,Call of Duty: Modern Warfare 2 - Multiplayer
9,Call of Duty: Modern Warfare 3
10,Call of Duty: Modern Warfare 3 - Multiplayer
11,Call of Duty: World at War
12,Half-Life
13,Rise of Nations: Extended Edition
14,The Stanley Parable
15,Thief: Deadly Shadows
16,Total War: ATTILA
17,Worms Armageddon
18,Alan Wake
19,Far Cry® 3
20,Max Payne 3
21,The Walking Dead
22,Torchlight II
23,XCOM: Enemy Unknown
24,7 Days to Die
25,ARK: Survival Evolved
26,Age of Empires® III: Complete Collection
27,Age of Wonders III
28,Alpha Protocol
29,Amnesia: A Machine for Pigs
30,Amnesia: The Dark Descent
31,Awesomenauts
32,Batman™: Arkham Origins
33,BattleBlock Theater
34,Battlefield: Bad Company 2
35,BioShock Infinite
36,Borderlands
37,Broken Age
38,Brothers - A Tale of Two Sons
39,Brütal Legend
40,Bulletstorm
41,Call of Juarez Gunslinger
42,Castle Crashers
43,Cave Story+
44,Chivalry: Medieval Warfare
45,Crusader Kings II
46,Crysis 2 Maximum Edition
47,DARK SOULS™ II
48,DARK SOULS™ II: Scholar of the First Sin
49,Dark Souls: Prepare to Die Edition
50,Darkest Dungeon
51,Darksiders II
52,Dead Island
53,Dear Esther
54,Deus Ex: Game of the Year Edition
55,Dishonored
56,Divinity: Original Sin
57,Divinity: Original Sin Enhanced Edition
58,DmC Devil May Cry
59,Don't Starve
60,Dragon Age: Origins - Ultimate Edition
61,Driver San Francisco
62,Dungeon Defenders
63,Dungeons of Dredmor
64,Dying Light
65,Endless Legend
66,Euro Truck Simulator 2
67,FTL: Faster Than Light
68,Fallout
69,Fallout 4
70,Fallout: New Vegas
71,Galactic Civilizations II: Ultimate Edition
72,Goat Simulator
73,Gone Home
74,Guacamelee! Gold Edition
75,Gunpoint
76,Guns of Icarus Online
77,Hitman: Absolution
78,Hotline Miami
79,Insurgency
80,Just Cause 2
81,Just Cause 2: Multiplayer Mod
82,Killing Floor 2
83,Kingdoms of Amalur: Reckoning™
84,LEGO® MARVEL Super Heroes
85,Left 4 Dead
86,Legend of Grimrock
87,Little Inferno
88,METAL GEAR SOLID V: GROUND ZEROES
89,METAL GEAR SOLID V: THE PHANTOM PAIN
90,Machinarium
91,Magicka
92,Mark of the Ninja
93,Mass Effect 2
94,Metro 2033
95,Metro: Last Light
96,Might & Magic: Heroes VI
97,Monaco
98,Mortal Kombat X
99,Natural Selection 2
100,Nidhogg
101,ORION: Prelude
102,Octodad: Dadliest Catch
103,Orcs Must Die! 2
104,Outlast
105,PROTOTYPE 2
106,Pillars of Eternity
107,Prison Architect
108,RAGE
109,Red Faction: Guerrilla Steam Edition
110,Rocket League
111,Rogue Legacy
112,Rust
113,STAR WARS™ Knights of the Old Republic™ II: The Sith Lords™
114,Saints Row IV
115,Saints Row: The Third
116,Sanctum
117,Sanctum 2
118,Savage Lands
119,Scribblenauts Unlimited
120,Serious Sam 3: BFE
121,Serious Sam HD: The Second Encounter
122,Shadow Warrior
123,Shadowrun Returns
124,Shadowrun: Dragonfall - Director's Cut
125,Sid Meier's Civilization: Beyond Earth
126,Sleeping Dogs™
127,Sonic & All-Stars Racing Transformed
128,Sonic Generations
129,Spec Ops: The Line
130,Starbound
131,State of Decay
132,Styx: Master of Shadows
133,Surgeon Simulator
134,The Binding of Isaac
135,The Cave
136,The Forest
137,The Long Dark
138,The Lord of the Rings: War in the North
139,The Secret of Monkey Island: Special Edition
140,The Swapper
141,The Talos Principle
142,The Testament of Sherlock Holmes
143,The Witcher 2: Assassins of Kings Enhanced Edition
144,The Witcher 3: Wild Hunt
145,The Wolf Among Us
146,Thief
147,Tom Clancy's Splinter Cell Blacklist
148,Tomb Raider
149,Torchlight
150,Transformers: Fall of Cybertron
151,Trine 2
152,Tropico 4
153,Undertale
154,Universe Sandbox
155,Warhammer: End Times - Vermintide
156,Wasteland 2
157,Serious Sam HD: The First Encounter
158,Half-Life 2: Episode Two
159,Insurgency: Modern Infantry Combat
160,Day of Defeat: Source
161,Killing Floor
162,Mass Effect
163,Osmos
164,Batman: Arkham Asylum GOTY Edition
165,Team Fortress Classic
166,Age of Chivalry
167,And Yet It Moves
168,Anomaly Warzone Earth
169,Assassin's Creed II
170,Assassin's Creed Revelations
171,Assassin's Creed® III
172,Atom Zombie Smasher 
173,BIT.TRIP RUNNER
174,Batman: Arkham City GOTY
175,Batman: Arkham City™
176,BioShock
177,Blocks That Matter
178,Braid
179,Burnout Paradise: The Ultimate Box
180,Cities XL Platinum
181,Cogs
182,Command and Conquer: Red Alert 3 - Uprising
183,Costume Quest
184,Crysis Warhead
185,Crysis Wars
186,DEFCON
187,Dark Messiah of Might & Magic Single Player
188,Defense Grid 2
189,Defense Grid: The Awakening
190,Deus Ex: Human Revolution - The Missing Link
191,DiRT 3
192,DiRT 3 Complete Edition
193,Empire: Total War
194,Europa Universalis III
195,Far Cry 2
196,Far Cry® 3 Blood Dragon
197,Frozen Synapse
198,Galaxy on Fire 2™ Full HD
199,Geometry Wars: Retro Evolved
200,Gratuitous Space Battles
201,Half-Life 2: Deathmatch
202,Half-Life: Blue Shift
203,Half-Life: Opposing Force
204,Hard Reset
205,Jamestown
206,Madballs in...Babo: Invasion
207,McPixel
208,Mirror's Edge
209,Mount & Blade: Warband
210,Napoleon: Total War
211,Orcs Must Die!
212,PAYDAY: The Heist
213,Painkiller Hell & Damnation
214,Plain Sight
215,Poker Night at the Inventory
216,Project Zomboid
217,Proteus
218,Psychonauts
219,Race The Sun
220,Revenge of the Titans
221,Rising Storm/Red Orchestra 2 Multiplayer
222,Rock of Ages
223,Rome: Total War
224,S.T.A.L.K.E.R.: Shadow of Chernobyl
225,Shadowgrounds
226,Shank
227,Shatter
228,SimCity 4 Deluxe
229,Space Pirates and Zombies
230,SpaceChem
231,Stacking
232,Star Trek Online
233,SteamWorld Dig
234,Super Meat Boy
235,Super Monday Night Combat
236,Teleglitch: Die More Edition
237,The Ball
238,The Incredible Adventures of Van Helsing
239,The Ship
240,The Ship Tutorial
241,Titan Quest
242,Titan Quest: Immortal Throne
243,To the Moon
244,Tomb Raider: Anniversary
245,Total War: SHOGUN 2
246,Trine
247,Unepic
248,VVVVVV
249,Vampire: The Masquerade - Bloodlines
250,Vessel
251,Wargame: European Escalation
252,Wings of Prey
253,World of Goo
254,Zeno Clash
255,Company of Heroes: Tales of Valor
256,Magic 2015
257,Sid Meier's Railroads!
258,Ticket to Ride
259,3DMark
260,Arma 3
261,Company of Heroes 2
262,Dungeon Defenders II
263,FINAL FANTASY VII
264,Planetary Annihilation
265,Planetary Annihilation: TITANS
266,Plants vs. Zombies: Game of the Year
267,Sins of a Solar Empire: Trinity
268,Star Wars - Battlefront II
269,Star Wars: Knights of the Old Republic
270,Supreme Commander 2
271,Supreme Commander: Forged Alliance
272,Unreal Tournament 3: Black Edition
273,Half-Life 2: Lost Coast
274,DC Universe Online
275,Deathmatch Classic
276,Ricochet
277,South Park™: The Stick of Truth™
278,Star Wars: The Force Unleashed II
279,Call of Duty: Black Ops II
280,Call of Duty: Black Ops II - Multiplayer
281,Call of Duty: Black Ops II - Zombies
282,Call of Duty: Advanced Warfare
283,Half-Life: Source
284,Grand Theft Auto IV
285,Red Faction: Armageddon
286,Broforce
287,Hammerwatch
288,Rayman Legends
289,Sid Meier's Civilization IV: Colonization
290,BioShock 2
291,Company of Heroes
292,Company of Heroes (New Steam Version)
293,Deadlight
294,Don't Starve Together Beta
295,Duke Nukem 3D: Megaton Edition
296,Dust: An Elysian Tail
297,F.E.A.R.
298,Fallout 3
299,From Dust
300,GRID
301,GRID 2
302,Ghostbusters: The Video Game
303,Grand Theft Auto V
304,LIMBO
305,Next Car Game: Wreckfest
306,Poker Night 2
307,Resident Evil 5 / Biohazard 5
308,Rise of the Triad
309,Ryse: Son of Rome
310,Sid Meier's Civilization IV
311,Sid Meier's Civilization IV: Warlords
312,Sniper Elite 3
313,Spelunky
314,Star Wars Jedi Knight: Dark Forces II
315,Star Wars Jedi Knight: Jedi Academy
316,Star Wars: Dark Forces
317,The Ultimate DOOM
318,Wolfenstein: The New Order
319,Wolfenstein: The Old Blood 
320,Day of Defeat
321,Half-Life 2: Episode One
322,Call of Duty 4: Modern Warfare
323,Duke Nukem Forever
324,Loadout
325,Kerbal Space Program
326,SpeedRunners
327,Battlefield 2
328,Blacklight: Retribution
329,Bloodline Champions
330,Brawlhalla
331,Counter-Strike Nexon: Zombies
332,Dirty Bomb
333,H1Z1
334,PlanetSide 2
335,Quake Live
336,Reign Of Kings
337,TERA
338,Ultra Street Fighter IV
339,Aliens vs. Predator
340,No More Room in Hell
341,Counter-Strike: Condition Zero
342,Counter-Strike: Condition Zero Deleted Scenes
343,RaceRoom Racing Experience 
344,Car Mechanic Simulator 2014
345,Codename Gordon
346,Copa Petrobras de Marcas
347,Toki Tori
348,Shattered Horizon
349,L.A. Noire
350,Game Dev Tycoon
351,Besiege
352,Total War: ROME II - Emperor Edition
353,Anno 2070
354,Tropico 5
355,Borderlands: The Pre-Sequel
356,Bully: Scholarship Edition
357,Cities XL 2012
358,Democracy 3
359,EVE Online
360,Elite: Dangerous
361,Just Cause 3
362,Microsoft Flight Simulator X: Steam Edition
363,Tom Clancy's Rainbow Six: Vegas 2
364,Train Simulator
365,Audiosurf
366,Ori and the Blind Forest
367,The Escapists
368,This War of Mine
369,Clicker Heroes
370,Path of Exile
371,Crypt of the NecroDancer
372,SolForge
373,The Binding of Isaac: Rebirth
374,Angry Video Game Nerd Adventures
375,Bad Rats
376,DRAGON BALL XENOVERSE
377,Dungeonland
378,Gauntlet™ 
379,Global Agenda
380,Hero Siege
381,Middle-earth: Shadow of Mordor
382,Monday Night Combat
383,Mount Your Friends
384,Need for Speed: Undercover
385,Nosgoth
386,Nuclear Throne
387,Risk of Rain
388,Robot Roller-Derby Disco Dodgeball
389,RollerCoaster Tycoon 3: Platinum!
390,Sang-Froid - Tales of Werewolves
391,Super Hexagon
392,The Mighty Quest For Epic Loot
393,The Walking Dead: Season Two
394,Dead Space
395,Hydrophobia: Prophecy
396,RIFT
397,Sniper Elite V2
398,CastleStorm
399,LEGO® Worlds
400,Spintires
401,Assetto Corsa
402,DiRT 2
403,RACE 07
404,Darksiders
405,Farming Simulator 2013
406,Remember Me
407,DiRT Showdown
408,Tropico 3 - Steam Special Edition
409,The Last Remnant
410,Alice: Madness Returns
411,Assassin's Creed
412,BeamNG.drive
413,Car Mechanic Simulator 2015
414,Castlevania: Lords of Shadow - Ultimate Edition
415,Command and Conquer: Red Alert 3
416,Dragon Age: Origins
417,Earth 2160
418,Evil Genius
419,F1 2012
420,FINAL FANTASY XIII
421,Farming Simulator 15
422,Forge
423,GRID Autosport
424,Greed Corp
425,Hitman: Blood Money
426,Krater
427,METAL GEAR RISING: REVENGEANCE
428,Mad Max
429,Mafia II
430,Mars: War Logs
431,Need for Speed: Hot Pursuit
432,Overlord
433,Prototype
434,Quantum Conundrum
435,Space Engineers
436,Star Wars - Jedi Knight II: Jedi Outcast
437,Star Wars Republic Commando
438,Stronghold 2
439,The Witcher: Enhanced Edition
440,Transformers: War for Cybertron
441,Valkyria Chronicles™
442,You Need A Budget 4 (YNAB)
443,Worms Reloaded
444,F.E.A.R. 3
445,Wargame: AirLand Battle
446,HAWKEN
447,Medieval II: Total War
448,Medieval II: Total War Kingdoms
449,Homeworld Remastered Collection
450,Fallout 3 - Game of the Year Edition
451,R.U.S.E
452,Alien: Isolation
453,Crysis
454,Darwinia
455,Dead Space 2
456,Europa Universalis IV
457,F.E.A.R. 2: Project Origin
458,Galactic Civilizations III
459,Game of Thrones - A Telltale Games Series
460,Plague Inc: Evolved
461,Sid Meier's Civilization IV: Beyond the Sword
462,Sins of a Solar Empire: Rebellion
463,Star Wars: Empire at War Gold
464,The Elder Scrolls IV: Oblivion 
465,Transistor
466,Valiant Hearts: The Great War™ / Soldats Inconnus : Mémoires de la Grande Guerre™
467,Arma 2
468,Mortal Kombat Komplete Edition
469,EVGA PrecisionX 16
470,Aliens: Colonial Marines
471,BIT.TRIP Presents... Runner2: Future Legend of Rhythm Alien
472,Back to the Future: Ep 1 - It's About Time
473,Dead Rising 2
474,Hotline Miami 2: Wrong Number
475,METAL SLUG 3
476,Mortal Kombat Kollection
477,One Finger Death Punch
478,Return to Castle Wolfenstein
479,Thinking with Time Machine
480,Alan Wake's American Nightmare
481,S.T.A.L.K.E.R.: Clear Sky
482,Botanicula
483,Next Car Game Sneak Peek 2.0
484,Firefall
485,Bastion
486,Dead Island Riptide
487,A.V.A - Alliance of Valiant Arms
488,Altitude
489,Dishonored (RU)
490,Gish
491,Magic: The Gathering — Duels of the Planeswalkers 2012
492,Magicka 2
493,S.T.A.L.K.E.R.: Call of Pripyat
494,The Secret World
495,Tiny and Big: Grandpa's Leftovers
496,FEZ
497,Trials Evolution Gold Edition
498,EDGE
499,Bejeweled 3
500,Grand Theft Auto: Episodes from Liberty City
501,The Elder Scrolls III: Morrowind
502,Watch_Dogs
503,Assassin's Creed Brotherhood
504,Contagion
505,Antichamber
506,Crayon Physics Deluxe
507,FORCED
508,Lara Croft and the Guardian of Light
509,Peggle Deluxe
510,Penumbra: Overture
511,Saints Row 2
512,Shank 2
513,Tomb Raider I
514,TrackMania² Stadium
515,Worms Clan Wars
516,Medal of Honor(TM) Multiplayer
517,Medal of Honor(TM) Single Player
518,Arma 2: Operation Arrowhead
519,Always Sometimes Monsters
520,Blackguards
521,Giana Sisters: Twisted Dreams
522,Magic 2014 
523,Magic Duels
524,Pixel Piracy
525,Operation Flashpoint: Dragon Rising
526,Reus
527,Dino D-Day
528,Dead Island: Epidemic
529,Sins of a Dark Age
530,System Shock 2
531,Endless Space
532,Two Worlds: Epic Edition
533,Xenonauts
534,ArcaniA
535,Deus Ex: Human Revolution - Director's Cut
536,A Virus Named TOM
537,Afterfall InSanity Extended Edition
538,Anna - Extended Edition
539,Battlepaths
540,Canyon Capers
541,Card Hunter
542,Chaos on Deponia
543,D.I.P.R.I.P. Warm Up
544,Dead Bits
545,Deponia
546,Divinity II: Developer's Cut
547,Divinity: Dragon Commander
548,Dustforce
549,Eets Munchies
550,Enclave
551,Fallen Enchantress: Legendary Heroes
552,Fractured Space
553,Full Mojo Rampage
554,Grimm
555,Guardians of Middle-earth
556,Gun Monkeys
557,Joe Danger 2: The Movie
558,Knights and Merchants
559,Knights of Pen and Paper +1
560,LUFTRAUSERS
561,Lucius
562,MURDERED: SOUL SUSPECT™
563,Magic: The Gathering - Duels of the Planeswalkers
564,Magic: The Gathering - Duels of the Planeswalkers 2013
565,Magicka: Wizard Wars
566,Mercenary Kings
567,Might & Magic: Duel of Champions
568,Nosferatu: The Wrath of Malachi
569,Out There Somewhere
570,Racer 8
571,Really Big Sky
572,Relic Hunters Zero
573,Risen
574,Skullgirls
575,Smashball
576,Sniper Elite: Nazi Zombie Army 2
577,Strike Suit Zero
578,Stronghold Crusader HD
579,Stronghold HD
580,Super Killer Hornet: Resurrection
581,Talisman: Digital Edition
582,The Bridge
583,The Culling Of The Cows
584,The Darkness II
585,The Incredible Adventures of Van Helsing II
586,Thomas Was Alone
587,Tom Clancy's Ghost Recon Phantoms - EU
588,Two Worlds II
589,Warface
590,Woodle Tree Adventures
591,Worms Revolution
592,X-Blades
593,BRINK
594,The Banner Saga
595,Mount & Blade: With Fire and Sword
596,Demigod
597,Moonbase Alpha
598,Eufloria
599,Marvel Heroes 2015
600,Gnomoria
601,Just Cause
602,Lost Planet: Extreme Condition
603,Tom Clancy's Splinter Cell: Conviction
604,Hitman 2: Silent Assassin
605,Hitman: Sniper Challenge
606,Spore
607,Star Wars: The Force Unleashed Ultimate Sith Edition
608,X3: Terran Conflict
609,The Vanishing of Ethan Carter
610,BIT.TRIP BEAT
611,Beat Hazard
612,Far Cry
613,Sunless Sea
614,X-COM: UFO Defense
615,Blood Bowl: Legendary Edition
616,Aliens versus Predator Classic 2000
617,Blood Bowl: Chaos Edition
618,FINAL FANTASY VIII
619,King Arthur's Gold
620,DayZ
621,Zombie Panic Source
622,Arma 2: Operation Arrowhead Beta (Obsolete)
623,Craft The World
624,Hearts of Iron III
625,LEGO® The Lord of the Rings™
626,Nether
627,Metro 2033 Redux
628,E.Y.E: Divine Cybermancy
629,Five Nights at Freddy's
630,GRAV
631,King Arthur II - The Role-playing Wargame
632,Medal of Honor: Airborne
633,Mount & Blade
634,SEGA Genesis & Mega Drive Classics
635,Homefront
636,Max Payne 2: The Fall of Max Payne
637,Synergy
638,ArcheAge
639,Defiance
640,Tom Clancy's Ghost Recon Future Soldier
641,Resident Evil 6 / Biohazard 6
642,Gotham City Impostors
643,Dizzel
644,Resident Evil Revelations / Biohazard Revelations
645,POSTAL 2
646,Killing Floor Mod: Defence Alliance 2
647,War of the Roses
648,Arma 2: DayZ Mod
649,Door Kickers
650,Project CARS
651,Rebel Galaxy
652,StarForge
653,Blade Symphony
654,DiRT Rally
655,Intrusion 2
656,Minimum
657,Nation Red
658,Tower Wars
659,Time Clickers
660,AdVenture Capitalist
661,Infinity Wars - Animated Trading Card Game
662,A Game of Thrones - Genesis
663,Everlasting Summer
664,Neverwinter
665,Steel Ocean
666,Stronghold Kingdoms
667,Eternal Silence
668,Grand Theft Auto: San Andreas
669,Revolution Ace
670,Stronghold Crusader 2
671,Dungeon of the Endless
672,Wargame: Red Dragon
673,SOMA
674,Gear Up
675,Source Filmmaker
676,FlatOut 2
677,Company of Heroes: Opposing Fronts
678,Rocksmith 2014
679,FINAL FANTASY XIV: A Realm Reborn
680,ACE - Arena: Cyber Evolution
681,theHunter
682,DCS World
683,World of Guns: Gun Disassembly
684,Star Conflict
685,Starpoint Gemini 2
686,The Showdown Effect
687,Hazard Ops
688,How to Survive
689,Men of War: Assault Squad 2
690,Patch testing for Chivalry
691,Verdun
692,Stronghold 3
693,Lead and Gold - Gangs of the Wild West
694,Spore: Creepy & Cute Parts Pack
695,King Arthur - The Role-playing Wargame
696,Champions Online
697,Command and Conquer 4: Tiberian Twilight
698,Dungeons & Dragons Online®
699,Spore: Galactic Adventures
700,StarDrive
701,Stranded Deep
702,Fishing Planet
703,Darkest Hour: Europe '44-'45
704,Red Orchestra: Ostfront 41-45
705,Sid Meier's Pirates!
706,Age of Mythology: Extended Edition
707,Fable Anniversary
708,Ace of Spades
709,WAKFU
710,Zombies Monsters Robots
711,Evolve
712,Estranged: Act I
713,Red Orchestra 2: Heroes of Stalingrad - Single Player
714,Capsized
715,Thief Gold
716,Call of Duty: Advanced Warfare - Multiplayer
717,Grand Theft Auto III
718,Grand Theft Auto: Vice City
719,Life Is Strange™
720,Skullgirls ∞Endless Beta∞
721,Tribes: Ascend
722,Tom Clancy's Ghost Recon Phantoms - NA
723,AirMech
724,Creativerse
725,Endless Sky
726,Infinite Crisis™
727,NEOTOKYO°
728,Total War Battles: KINGDOM
729,Fallout 2
730,Post Apocalyptic Mayhem
731,War for the Overworld
732,Max Payne
733,Command and Conquer 3: Kane's Wrath
734,Cthulhu Saves the World 
735,Devil May Cry 4
736,Unreal Tournament 2004
737,Before the Echo
738,Gotham City Impostors: Free To Play
739,Lone Survivor: The Director's Cut
740,NARUTO SHIPPUDEN: Ultimate Ninja STORM 3 Full Burst
741,Neverwinter Nights 2: Platinum
742,NightSky
743,Shovel Knight
744,Section 8: Prejudice
745,Sniper: Ghost Warrior
746,Men of War
747,The Ship Single Player
748,DOOM 3
749,Overlord II
750,Recettear: An Item Shop's Tale
751,ACE COMBAT™ ASSAULT HORIZON Enhanced Edition
752,Test Drive Unlimited 2
753,Cities in Motion
754,Crash Time II
755,Hacker Evolution
756,Primal Carnage
757,Sniper Elite: Nazi Zombie Army
758,Killer is Dead
759,Uplink
760,Deus Ex: Invisible War
761,Lethal League
762,resident evil 4 / biohazard 4
763,Long Live The Queen
764,Sid Meier's Civilization III: Complete
765,Fallout Tactics
766,Trove
767,Realm of the Mad God
768,Solar 2
769,Heroes of Might & Magic V
770,Assassin's Creed IV Black Flag
771,Tropico 3: Absolute Power
772,HOARD
773,Prince of Persia: The Sands of Time
774,Superbrothers: Sword & Sworcery EP
775,Bunch Of Heroes
776,Risen 2 - Dark Waters
777,THE KING OF FIGHTERS XIII STEAM EDITION
778,Child of Light
779,Warlock - Master of the Arcane
780,Command and Conquer 3: Tiberium Wars
781,Happy Wars
782,Dark Messiah of Might & Magic Multi-Player
783,Supreme Commander
784,Waking Mars
785,Infestation: Survivor Stories
786,La Tale
787,F1 2013
788,Wolfenstein: The New Order German Edition
789,Cry of Fear
790,Depth
791,Pinball Arcade
792,GunZ 2: The Second Duel
793,School of Dragons: How to Train Your Dragon
794,Half-Life Deathmatch: Source
795,The Sims(TM) 3
796,Haunted Memories
797,Rome: Total War - Alexander
798,FaceRig
799,Floating Point
800,Super Crate Box
801,Toribash
802,Victoria II
803,Call of Duty: Ghosts - Multiplayer
804,Call of Duty: Black Ops III
805,BLOCKADE 3D
806,Pinball FX2
807,God Mode
808,GameMaker: Studio
809,X3: Albion Prelude
810,The Expendabros
811,PAC-MAN Championship Edition DX+
812,They Bleed Pixels
813,RollerCoaster Tycoon: Deluxe
814,Injustice: Gods Among Us Ultimate Edition
815,Strider
816,The Legend of Heroes: Trails in the Sky
817,Organ Trail: Director's Cut
818,Evoland
819,Mountain
820,Five Nights at Freddy's 2
821,Viscera Cleanup Detail
822,Grand Theft Auto
823,Portal Stories: Mel
824,Resident Evil / biohazard HD REMASTER
825,DLC Quest
826,The Way of Life Free Edition
827,You Have to Win the Game
828,Block N Load
829,Caster
830,Damned
831,Gothic 3
832,Oddworld: Abe's Oddysee
833,Rayman Origins
834,Rochard
835,Medieval Engineers
836,The LEGO® Movie - Videogame
837,Pid 
838,Dead Rising 3
839,LEGO® The Hobbit™
840,Castle Story
841,MapleStory
842,Metro: Last Light Redux
843,Stealth Bastard Deluxe
844,I am Bread
845,Nuclear Dawn
846,Town of Salem
847,The Elder Scrolls Online: Tamriel Unlimited
848,Arma: Cold War Assault
849,Call of Duty: Ghosts
850,Takedown: Red Sabre
851,Grim Dawn
852,Lost Planet 3
853,DOOM 3: BFG Edition
854,Slender: The Arrival
855,Sacred 2 Gold
856,Blender 2.76b
857,Dungeon Siege
858,Interstellar Marines
859,Legendary
860,Serious Sam 2
861,Sniper Ghost Warrior 2
862,Tales from the Borderlands
863,The Legend of Korra™
864,RPG Maker VX Ace
865,The Bureau: XCOM Declassified
866,Grey Goo
867,Far Cry 4
868,Kingdom Wars
869,Dungeon Siege III
870,Sakura Spirit
871,Fable - The Lost Chapters
872,Worms Ultimate Mayhem
873,Lords Of The Fallen
874,IL-2 Sturmovik: Cliffs of Dover
875,Assassin’s Creed Unity
876,Life is Feudal: Your Own
877,Planet Explorers
878,Football Manager 2012
879,Pool Nation
880,America's Army: Proving Grounds
881,Sniper Elite
882,Godus
883,Fallen Earth
884,CastleMiner Z
885,Mortal Online
886,Transformice
887,Emily is Away
888,FINAL FANTASY XIII-2
889,The Guild II
890,Game of Thrones 
891,Cities in Motion 2
892,Borderlands 2 RU
893,Batman™: Arkham Knight
894,Men of War: Assault Squad
895,The Guild II: Renaissance
896,Devilian
897,Resident Evil Revelations 2 / Biohazard Revelations 2
898,Aura Kingdom
899,Order of War
900,Battlestations: Pacific
901,Hitman: Codename 47
902,Kane & Lynch 2: Dog Days
903,Magicite
904,The Plan
905,Unreal Tournament: Game of the Year Edition
906,SMITE
907,Archeblade
908,HuniePop
909,Fable III
910,APB Reloaded
911,Sakura Clicker
912,sZone-Online
913,Velvet Sundown
914,Rise of Incarnates
915,Tabletop Simulator
916,Dragon Nest Europe
917,Deadbreed®
918,Elsword
919,F.E.A.R. Online
920,Spiral Knights
921,Five Nights at Freddy's 4
922,Subnautica
923,Viscera Cleanup Detail: Santa's Rampage
924,Ultimate Tic-Tac-Toe
925,Grim Fandango Remastered
926,NBA 2K14
927,Baldur's Gate: Enhanced Edition
928,Deadpool
929,Vindictus
930,Halo: Spartan Assault
931,Divine Souls
932,The Crew
933,Fistful of Frags
934,Survarium
935,Echo of Soul
936,Only If
937,Tactical Intervention
938,Codename CURE
939,8BitMMO
940,FreeStyle2: Street Basketball
941,Call of Juarez: The Cartel
942,Dragon Nest
943,Fuse
944,MicroVolts Surge
945,March of War
946,Port Royale 3
947,Lichdom: Battlemage
948,Yet Another Zombie Defense
949,Defy Gravity
950,Bloody Trapland
951,Polarity
952,Squishy the Suicidal Pig
953,Uncrowded
954,Waveform
955,Football Manager 2014
956,Free to Play
957,NARUTO SHIPPUDEN: Ultimate Ninja STORM Revolution
958,Strife
959,The Lord of the Rings Online™
960,Aftermath
961,Eldevin
962,Red Crucible: Firestorm
963,The Evil Within
964,Brick-Force
965,Loadout Campaign Beta
966,Double Action: Boogaloo
967,Guns and Robots
968,Cubic Castles
969,Dragomon Hunter
970,RaiderZ
971,Villagers and Heroes
972,Batla
973,DiggerOnline
974,Dragons and Titans
975,Ascend: Hand of Kul
976,Anarchy Arcade
977,Panzar
978,Soccer Manager 2015
979,Mitos.is: The Game
980,Navy Field 2 : Conqueror of the Ocean
981,S.K.I.L.L. - Special Force 2
982,Boring Man - Online Tactical Stickman Combat
983,Teeworlds
984,Construction-Simulator 2015
985,Poly Bridge
986,Sleeping Dogs: Definitive Edition
987,Grow Home
988,Omerta - City of Gangsters
989,Starbound - Unstable
990,Football Manager 2013
991,Football Manager 2015
992,Football Manager 2016
993,Football Manager 2010
994,NBA 2K16
995,Football Manager 2009
996,Football Manager 2011
997,Soccer Manager 2016
998,Need for Speed: SHIFT
999,Geometry Dash
1000,Turbo Dismount
1001,Strike Vector
1002,War Inc. Battlezone
1003,Modular Combat
1004,Pro Evolution Soccer 2015
1005,WARMODE
1006,America's Army 3
1007,Spooky's House of Jump Scares
1008,NBA 2K15
1009,Commandos 2: Men of Courage
1010,Sonic Adventure™ 2 
1011,Lego Harry Potter
1012,Metro Conflict
1013,Battle Islands
1014,World of Soccer online
1015,UberStrike
1016,HIS (Heroes In the Sky)
1017,Piercing Blow
1018,Soldier Front 2
1019,Ragnarok Online 2
1020,Genesis Online
